_id,gradeNumber
5c4703da0d032677593b2efc,B6106
5c4703da0d032677593b2efd,B6003
5c4703da0d032677593b2efe,B5004
5c4703da0d032677593b2eff,B55H02
5c4703da0d032677593b2f00,B52H06
5c4703da0d032677593b2f01,B48H03
5c4703da0d032677593b2f02,B55H03
5c4703da0d032677593b2f04,F52H04
5c4703da0d032677593b2f05,F50H08
5c4703da0d032677593b2f06,R5504
5c4703da0d032677593b2f07,R5410
5c4703da0d032677593b2f08,R5106
5c4703da0d032677593b2f09,Y5008
5c4703da0d032677593b2f0a,Y5808
5c4703da0d032677593b2f0b,Y5710
5c4703da0d032677593b2f0c,M5203
5c4703da0d032677593b2f0d,M6405
5c4703da0d032677593b2f0e,M5306
5c4703da0d032677593b2f0f,M5306L
5c4703da0d032677593b2f10,M6008
5c4703da0d032677593b2f11,M6008U
5c4703da0d032677593b2f12,M6112
5c4703da0d032677593b2f13,M5618
5c4703da0d032677593b2f14,M5220
5c4703da0d032677593b2f15,M5050
5c4703da0d032677593b2f16,P5402
5c4703da0d032677593b2f17,P4002
5c4703da0d032677593b2f18,P4402
5c4703da0d032677593b2f19,P4402U
5c4703da0d032677593b2f1a,P51H10
5c4703da0d032677593b2f1b,P50H03
5c4703da0d032677593b2f1c,S5801
5c4703da0d032677593b2f1d,M2525
5c4703da0d032677593b2f1e,M2550
5c4703da0d032677593b2f1f,E2507
5c4703da0d032677593b2f20,T3804
5c4703da0d032677593b2f21,T3804U
5c4703da0d032677593b2f22,F2001A
5c4703da0d032677593b2f23,F2001S
5c4703da0d032677593b2f24,F2002A
5c4703da0d032677593b2f25,F2002S
5c4703da0d032677593b2f26,F2003A
5c4703da0d032677593b2f27,MH03
5c4703da0d032677593b2f28,MH05K
5c4703da0d032677593b2f29,MH12N
5c4703da0d032677593b2f2a,GRADE 1
5c4703da0d032677593b2f2b,MH23
5c4703da0d032677593b2f2c,MH25N
5c4703da0d032677593b2f2d,MH55N
5c4703da0d032677593b2f2e,FH10S
5c4703da0d032677593b2f2f,FH08S
5c4703da0d032677593b2f30,FH03
5c4703da0d032677593b2f31,RH02Y
5c4703da0d032677593b2f32,RH03
5c4703da0d032677593b2f33,RH22U
5c4703da0d032677593b2f34,RH25X
5c4703da0d032677593b2f35,RH38
5c4703da0d032677593b2f36,EH03N
5c4703da0d032677593b2f37,MI03
5c4703da0d032677593b2f38,MI08N
5c4703da0d032677593b2f39,MI12NX
5c4703da0d032677593b2f3a,MI15
5c4703da0d032677593b2f3b,MI20X
5c4703da0d032677593b2f3c,MI35V
5c4703da0d032677593b2f3d,MI44N
5c4703da0d032677593b2f3e,MI70N
5c4703da0d032677593b2f3f,MI100N
5c4703da0d032677593b2f40,EI01N
5c4703da0d032677593b2f41,EI02N
5c4703da0d032677593b2f42,MR12C
5c4703da0d032677593b2f43,MR20K
5c4703da0d032677593b2f44,MR35K
5c4703da0d032677593b2f45,MR53C
5c4703da0d032677593b2f46,ER00T/V
5c4703da0d032677593b2f47,ER02C/N
5c4703da0d032677593b2f48,AS4000N
5c4703da0d032677593b2f49,AM350N
5c4703da0d032677593b2f4a,AS12000N
5c4703da0d032677593b2f4b,SS80N
5c4703da0d032677593b2f4c,H020SU
5c4703da0d032677593b2f4d,H045SG
5c4703da0d032677593b2f4e,H110FU
5c4703da0d032677593b2f4f,H350FG
5c4703da0d032677593b2f50,H110FG
5c4703da0d032677593b2f51,H029SG
5c4703da0d032677593b2f52,H034SG
5c4703da0d032677593b2f53,H080EY
5c4703da0d032677593b2f54,H100EY
5c4703da0d032677593b2f55,H026SG
5c4703da0d032677593b2f56,H030SG
5c4703da0d032677593b2f57,AS030N
5c4703da0d032677593b2f58,SS35N
5c4703da0d032677593b2f59,H350EG
5c4703da0d032677593b2f5a,AS160N
5c4703da0d032677593b2f5b,H200FG
5c4703da0d032677593b2f5c,H230FG
5c4703da0d032677593b2f5d,HP552R
5c4703da0d032677593b2f5f,H020EG
5c4703da0d032677593b2f60,H050MN
5c4703da0d032677593b2f61,H110MA
5c4703da0d032677593b2f62,AM120N
5c4703da0d032677593b2f63,H200MA
5c4703da0d032677593b2f64,H200MK
5c4703da0d032677593b2f65,AM650N
5c4703da0d032677593b2f66,B250EG
5c4703da0d032677593b2f67,B030MG
5c4703da0d032677593b2f68,AMI035N
5c4703da0d032677593b2f69,MI3530
5c4703da0d032677593b2f6a,MI3535
5c4703da0d032677593b2f6b,C080MA
5c4703da0d032677593b2f6c,B300MN
5c4703da0d032677593b2f6d,C080MT
5c4703da0d032677593b2f6e,B120MA
5c4703da0d032677593b2f6f,C120MN
5c4703da0d032677593b2f70,D120MA
5c4703da0d032677593b2f71,C200MN
5c4703da0d032677593b2f72,B220MN
5c4703da0d032677593b2f73,C320MN
5c4703da0d032677593b2f74,C015EG
5c4703da0d032677593b2f75,B400MN
5c4703da0d032677593b2f76,AMI400N
5c4703da0d032677593b2f77,B550MN
5c4703da0d032677593b2f78,B650MN
5c4703da0d032677593b2f79,AER003N
5c4703da0d032677593b2f7a,SR20NC
5c4703da0d032677593b2f7b,SR20NS
5c4703da0d032677593b2f7c,R120MK
5c4703da0d032677593b2f7d,SRM100NC
5c4703da0d032677593b2f7e,T200MK
5c4703da0d032677593b2f7f,SRM250NC
5c4703da0d032677593b2f80,SR70N
5c4703da0d032677593b2f81,AM010N
5c4703da0d032677593b2f82,SRX100
5c4703da0d032677593b2f83,45GP004
5c4703da0d032677593b2f84,46GB012
5c4703da0d032677593b2f85,46GP003
5c4703da0d032677593b2f86,46GP009
5c4703da0d032677593b2f87,46GP009UV
5c4703da0d032677593b2f88,P15807
5c4703da0d032677593b2f89,50GF003
5c4703da0d032677593b2f8a,52GB001
5c4703da0d032677593b2f8b,52GB002
5c4703da0d032677593b2f8c,52GB003
5c4703da0d032677593b2f8d,52GB010
5c4703da0d032677593b2f8e,52GF004
5c4703da0d032677593b2f8f,54GB012
5c4703da0d032677593b2f90,B56003
5c4703da0d032677593b2f91,D16501
5c4703da0d032677593b2f92,E41003
5c4703da0d032677593b2f93,E52009
5c4703da0d032677593b2f94,EE20
5c4703da0d032677593b2f96,F46003
5c4703da0d032677593b2f97,B60003
5c4703da0d032677593b2f98,F56003
5c4703da0d032677593b2f99,50MA180
5c4703da0d032677593b2f9a,53EA010
5c4703da0d032677593b2f9b,HD55EF010
5c4703da0d032677593b2f9c,HD53TA010
5c4703da0d032677593b2f9d,53MA020
5c4703da0d032677593b2f9e,L60075
5c4703da0d032677593b2f9f,M60075
5c4703da0d032677593b2fa0,M60200
5c4703da0d032677593b2fa1,S42005
5c4703da0d032677593b2fa2,16MA400
5c4703da0d032677593b2fa3,J22FA002
5c4703da0d032677593b2fa4,22FA002
5c4703da0d032677593b2fa5,24FA040
5c4703da0d032677593b2fa6,24FS040
5c4703da0d032677593b2fa7,1003FA20
5c4703da0d032677593b2fa8,1005FY20
5c4703da0d032677593b2fa9,1020FA20
5c4703da0d032677593b2faa,1035FS20
5c4703da0d032677593b2fab,1070LA17
5c4703da0d032677593b2fac,J16MA400
5c4703da0d032677593b2fad,J24FA040
5c4703da0d032677593b2fae,J24FS040
5c4703da0d032677593b2faf,J1005FY20
5c4703da0d032677593b2fb0,J1020FF20
5c4703da0d032677593b2fb1,E19010
5c4703da0d032677593b2fb2,E24065
5c4703da0d032677593b2fb3,F18020
5c4703da0d032677593b2fb4,F22020
5c4703da0d032677593b2fb5,F19010
5c4703da0d032677593b2fb6,F18010
5c4703da0d032677593b2fb7,HP19010
5c4703da0d032677593b2fb8,JE24065
5c4703da0d032677593b2fb9,JF18010
5c4703da0d032677593b2fba,JF18020
5c4703da0d032677593b2fbb,JF19010
5c4703da0d032677593b2fbc,JF19020
5c4703da0d032677593b2fbd,JLL36RA045
5c4703da0d032677593b2fbe,JLL36RA045UV
5c4703da0d032677593b2fbf,JM24200
5c4703da0d032677593b2fc0,JM26500
5c4703da0d032677593b2fc1,JD19010
5c4703da0d032677593b2fc2,20DS010
5c4703da0d032677593b2fc3,20FA010
5c4703da0d032677593b2fc4,20FA020
5c4703da0d032677593b2fc5,20FS010
5c4703da0d032677593b2fc6,20FS020
5c4703da0d032677593b2fc7,JE18030
5c4703da0d032677593b2fc8,JLL24FA030
5c4703da0d032677593b2fc9,LL24FA030
5c4703da0d032677593b2fca,LL40RA040
5c4703da0d032677593b2fcb,36RA045
5c4703da0d032677593b2fcc,36RA045UV
5c4703da0d032677593b2fcd,M24200
5c4703da0d032677593b2fce,M24300
5c4703da0d032677593b2fcf,JM24300
5c4703da0d032677593b2fd0,M26500
5c4703da0d032677593b2fd1,O19010
5c4703da0d032677593b2fd2,O21010
5c4703da0d032677593b2fd3,O35042
5c4703da0d032677593b2fd4,R35042
5c4703da0d032677593b2fd5,JX24065
5c4703da0d032677593b2fd6,X24065
5c4703da0d032677593b2fd8,W50A009A
5c4703da0d032677593b2fda,T50A010UA-UV
5c4703da0d032677593b2fdb,Y50A010A
5c4703da0d032677593b2fdc,W52A009
5c4703da0d032677593b2fdd,W52A009N
5c4703da0d032677593b2fde,W52ASR009N
5c4703da0d032677593b2fdf,W52ASR009
5c4703da0d032677593b2fe0,W55A004N
5c4703da0d032677593b2fe1,W55A004
5c4703da0d032677593b2fe3,SM800
5c4703da0d032677593b2fe4,I60A080UA-UV
5c4703da0d032677593b2fe5,I62U080U
5c4703da0d032677593b2fe6,I50A180UA
5c4703da0d032677593b2fe7,I56A200UA
5c4703da0d032677593b2fe8,I50A250UA
5c4703da0d032677593b2fea,B52A003A
5c4703da0d032677593b2feb,P52A003
5c4703da0d032677593b2fec,B53A003U
5c4703da0d032677593b2fed,B53EA0035N
5c4703da0d032677593b2fee,B53EA0035
5c4703da0d032677593b2fef,B63A003N
5c4703da0d032677593b2ff0,B63A003
5c4703da0d032677593b2ff2,B55HM0003N
5c4703da0d032677593b2ff3,E52A003A
5c4703da0d032677593b2ff4,E52A003NA
5c4703da0d032677593b2ff5,P46A010U
5c4703da0d032677593b2ff6,E52U003
5c4703da0d032677593b2ff7,E52U003N
5c4703da0d032677593b2ff8,P54A001
5c4703da0d032677593b2ff9,P54A001N
5c4703da0d032677593b2ffa,F55HM0003
5c4703da0d032677593b2ffc,E45A003
5c4703da0d032677593b2ffd,F20S009UA
5c4703da0d032677593b2ffe,F18S010UA
5c4703da0d032677593b2fff,E20AN009
5c4703da0d032677593b3000,F18A010UA
5c4703da0d032677593b3001,F18S020A
5c4703da0d032677593b3002,F18A020UA
5c4703da0d032677593b3003,MF18S010A
5c4703da0d032677593b3004,MF18A010A
5c4703da0d032677593b3005,E36A060
5c4703da0d032677593b3007,I26A500UA
5c4703da0d032677593b3008,R35A042
5c4703da0d032677593b3009,R36A050UA
5c4703da0d032677593b300a,R35U042
5c4703da0d032677593b300c,D22S010A
5c4703da0d032677593b300d,D20A006U
5c4703da0d032677593b300e,F5400
5c4703da0d032677593b300f,HD T6
5c4703da0d032677593b3010,R5801
5c4703da0d032677593b3011,Y5401
5c4703da0d032677593b3012,B5500
5c4703da0d032677593b3013,B6401
5c4703da0d032677593b3014,E5201
5c4703da0d032677593b3015,E5201S
5c4703da0d032677593b3016,P5300
5c4703da0d032677593b3017,P5200
5c4703da0d032677593b3018,P5200UV
5c4703da0d032677593b3019,M5818
5c4703da0d032677593b301a,HDT10
5c4703da0d032677593b301b,HDT10S
5c4703da0d032677593b301c,T9
5c4703da0d032677593b301d,F5001
5c4703da0d032677593b301e,B6001L
5c4703da0d032677593b301f,P4600L
5c4703da0d032677593b3020,M5002L
5c4703da0d032677593b3021,M5005L
5c4703da0d032677593b3022,M6007L
5c4703da0d032677593b3023,M6007LU
5c4703da0d032677593b3024,M5018L
5c4703da0d032677593b3025,M5025L
5c4703da0d032677593b3026,71501S
5c4703da0d032677593b3027,71601W
5c4703da0d032677593b3028,71602S
5c4703da0d032677593b3029,71602W
5c4703da0d032677593b302a,92001S
5c4703da0d032677593b302b,92001W
5c4703da0d032677593b302c,71601D
5c4703da0d032677593b302d,72307E
5c4703da0d032677593b302e,73005T
5c4703da0d032677593b302f,73005TU
5c4703da0d032677593b3030,73204T
5c4703da0d032677593b3031,73204TU
5c4703da0d032677593b3032,LLT12
5c4703da0d032677593b3033,F103
5c4703da0d032677593b3034,F135
5c4703da0d032677593b3035,R103
5c4703da0d032677593b3036,T103
5c4703da0d032677593b3037,T105N
5c4703da0d032677593b3038,F110
5c4703da0d032677593b3039,M103
5c4703da0d032677593b303a,M106
5c4703da0d032677593b303b,M108
5c4703da0d032677593b303c,M110
5c4703da0d032677593b303d,M304
5c4703da0d032677593b303e,M307
5c4703da0d032677593b303f,M310
5c4703da0d032677593b3040,M311T
5c4703da0d032677593b3041,M312
5c4703da0d032677593b3042,M315
5c4703da0d032677593b3043,M325
5c4703da0d032677593b3044,M340
5c4703da0d032677593b3045,M365
5c4703da0d032677593b3046,B202S
5c4703da0d032677593b3047,B200
5c4703da0d032677593b3048,M212S
5c4703da0d032677593b3049,HR003
5c4703da0d032677593b304a,HF010
5c4703da0d032677593b304b,HM012T
5c4703da0d032677593b304c,HY035R
5c4703da0d032677593b304d,MH13A
5c4703da0d032677593b3050,010F18S
5c4703da0d032677593b3051,010F18A
5c4703da0d032677593b3052,020F18A
5c4703da0d032677593b3053,042R35A
5c4703da0d032677593b3054,500M24A
5c4703da0d032677593b3055,065E24A
5c4703da0d032677593b3056,080M60
5c4703da0d032677593b3057,080M60U
5c4703da0d032677593b3058,180M50
5c4703da0d032677593b3059,010E52
5c4703da0d032677593b305a,012E50
5c4703da0d032677593b305b,002DF50
5c4703da0d032677593b305c,003DF49
5c4703da0d032677593b305d,012DB54
5c4703da0d032677593b305e,003DB52
5c4703da0d032677593b305f,001DB52
5c4703da0d032677593b3060,002DP48
5c4703da0d032677593b3061,004DP44
5c4703da0d032677593b3062,010DP45
5c4703da0d032677593b3063,010DP45U
5c4703da0d032677593b3064,1030MG
5c4703da0d032677593b3065,1060MG
5c4703da0d032677593b3066,1110MG
5c4703da0d032677593b3067,1110MAS
5c4703da0d032677593b3068,1030TC
5c4703da0d032677593b3069,1030RG
5c4703da0d032677593b306a,1030FG
5c4703da0d032677593b306b,1100FS
5c4703da0d032677593b306c,1200YG
5c4703da0d032677593b306d,1350YG
5c4703da0d032677593b306e,2120MC
5c4703da0d032677593b306f,3030MG
5c4703da0d032677593b3070,4080MA
5c4703da0d032677593b3071,4100MH
5c4703da0d032677593b3072,5080MG
5c4703da0d032677593b3073,3120MA
5c4703da0d032677593b3074,3400MN
5c4703da0d032677593b3075,3550MN
5c4703da0d032677593b3076,3650MN
5c4703da0d032677593b3077,3250MG
5c4703da0d032677593b3078,R03RR
5c4703da0d032677593b3079,F03RR
5c4703da0d032677593b307a,M12RR
5c4703da0d032677593b307b,F10SR
5c4703da0d032677593b307c,Y25GR
5c4703da0d032677593b307d,Y35GR
5c4703da0d032677593b307e,T05NR
5c4703da0d032677593b3095,218NJ
5c4703da0d032677593b3097,KS10100UE
5c4703da0d032677593b3098,ULLT (OG)
5c4703da0d032677593b309a,ULLE (OG)
5c4703da0d032677593b309b,PPCL
5c4703da0d032677593b309c,5831D
5c4703da0d032677593b309d,D777C
5c4703da0d032677593b309e,E1970
5c4703da0d032677593b309f,HP462S
5c4703da0d032677593b30a0,1510H
5c4703da0d032677593b30a1,FB1460
5c4703da0d032677593b30a2,FE3000
5c4703da0d032677593b30a3,Q2018N
5c4703da0d032677593b30a6,1018MK
5c4703da0d032677593b30a9,FD0474
5c4703da0d032677593b30aa,SP380
5c4703da0d032677593b30ab,UPPCL
5c4703da0d032677593b30ac,5502BN-MARLEX
5c4703da0d032677593b30ad,FB2230
5c4703da0d032677593b30ae,FB3003
5c4703da0d032677593b30af,FK1828
5c4703da0d032677593b30b0,BB2588
5c4703da0d032677593b30b1,BL3-JPC
5c4703da0d032677593b30b2,HD6200B
5c4703da0d032677593b30b3,HD6600B
5c4703da0d032677593b30b4,1018N
5c4703da0d032677593b30b5,1018H
5c4703da0d032677593b30b6,5052B BLACK
5c4703da0d032677593b30ba,P6006N
5c4703da0d032677593b30bb,2607GC
5c4706c2921788774705a8e3,HE1490
5c47071a921788774705a8e4,FK1820
5c47075d921788774705a8e5,BD961MO
5c470790921788774705a8e6,R38A040IA
5c49aa66921788774705abf0,FT6236
5c4ea1d723951713a9e04bd0,HDB502
5c4ea1f323951713a9e04bd1,HDM508
5c4ed8b123951713a9e04bd3,312E
5c4ef30823951713a9e04c97,8100M
5c4ef3da23951713a9e04c99,HE3490LS
5c4ef44723951713a9e04c9a,CRP100
5c5808cb8e13140f2f32787c,LFI2130
5c5bd8d2e78cc14ae8627fa3,H034EM
5c5be333e78cc14ae8627fa5,2427K
5c61004d38931c78ca05bccc,TR144-LOTRENE
5c61009238931c78ca05bccd,FT7236
5c63ba37c9bf7510979f69f4,RB707CF
5c63e841c9bf7510979f6a76,801YY
5c65632103427d214cdc06d7,HP525J
5c65639403427d214cdc06d8,HGX030SP
5c65640f03427d214cdc06d9,HT031
5c6e5deb82b27e4ccc2936b0,MG70
5c875bd65ec1fa19d7512fd4,FB5026
5c8a41d2e555227616cde25e,LE2270
5c8c901c68406047897e3812,17L430
5c8cac2568406047897e52fe,025N
5c8cb14768406047897e5301,0725N
5c8f377768406047897ed7d5,582E
5c8f5ca268406047897ed810,4025AS
5c90d3a568406047897f43cc,LB7000
5c947f906558dd0a251e2423,B1258
5c947fea6558dd0a251e2424,55060
5c949fb16558dd0a251e24eb,2420F3
5c9b5874f896f42c9276ea62,2426E02
5c9dc40576ef9e39db043a6f,2420E02
5ca1a734aa6c8a43dffb3661,1210P
5ca36f8723f3026aeaef53a7,FE8004-LOTRENE
5ca36fe623f3026aeaef53a8,L705
5cac7d21ca62873b6fd671ba,5401G
5cadc5bd24fd9e4648e4e85d,C150Y
5cadde0cf8b8f146c932730e,7033E3
5cb05b663a0de5589099cc47,2047A
5cb43c6f4bba8f6676398bbc,HC402BF
5cb43cb24bba8f6676398bbd,HKR102
5cb452544bba8f667639c4c3,D139
5cb84c504bba8f66763a78a5,HP2100N
5cb8559d4bba8f66763a9665,150E
5cb964fa4bba8f66763aedab,5220G
5cb9ca0055bc62797f94715f,2102TN42
5cbeb35ac2d7ee34b1e4fbd3,0455
5cbeb9f1c2d7ee34b1e4fbd4,FD0270
5cbeba4ec2d7ee34b1e4fbd5,450E
5cbed27ac2d7ee34b1e5213f,LF2119
5cbff28f7f4cd0420633ba1f,LIM1922
5cc4298c09a8fe491ac7f2ce,H1045
5cca820bd4b55934c5da8423,PD701
5ccafc3214fab25d27011910,HFI5110
5ccd553b14fab25d270212f2,T3034
5cd3b83fcd078d08c42f92b8,D139FK
5cd3ba63cd078d08c42f92b9,ITOCHU
5cd6d8f21e26d630fdb2f07a,6531M
5cd91d4b2a88464cabcf1134,17450N
5cda75b7c02ef24d547d05df,SP1510HA
5cda75c9c02ef24d547d05e0,SP1071C
5cdd4f77c02ef24d547de475,H110MAS
5ce28820bf091c1e67f3ee92,2207M
5cf4bb25dc272d09355cdf79,NSJ105G
5cf5fb0f1fa3850c951ba1be,F20S010IA
5cf6424c1fa3850c951c5860,HP3104K
5cfa0144f29fc827e0d46dec,F20A010IA
5cfde80fc9b5f25fb76a7cb0,RCE222
5d009ddedc1dd0791db531fd,FT5230
5d073d127f70821c6ceeba84,6331
5d107bed3dc0616edfe4c0fa,410F
5d10b8c40c3e011ce7ea0b62,L2100TN00
5d11e9b71b0e22252dc54d0a,HP4128N
5d13a3986882393afe14e759,5400G
5d14678d867d1142e991b107,B5403
5d14846d867d1142e991d69f,S1003
5d19d27856408b0e324d30c5,3155
5d1a245656408b0e324d80a0,123
5d1a253756408b0e324d80a1,LD3500
5d1ee282e084ab2bb6f2e204,TR571-LOTRENE
5d1ef7c9e084ab2bb6f35664,HDB50100
5d1ef7e1e084ab2bb6f35665,HXM50100-MARLEX
5d1efda1e084ab2bb6f3568d,KS10100
5d1f3ae7e084ab2bb6f3579e,955
5d1f3f07e084ab2bb6f37cec,1020XA20
5d2304a65de8c351d7a3083a,NSY114G
5d230bc15de8c351d7a3085b,Q3802
5d281297083a9c78214bb2b6,BD950MO
5d29a81b6d79ab0c77827d48,720A(BF)
5d2f0b0a4e14ef2da170c9da,HR3950
5d302f159cbc4e3d5e467378,XN125-P
5d32e8b130bde30739dafbe4,J1020FA20
5d3550748a089b08bd54e157,H030-GP3
5d35618e8a089b08bd553291,1102K-LUBAN
5d358d488a089b08bd55839e,EP548S
5d358d6d8a089b08bd5583b1,EP548U
5d3a94eba70d4f0917ceea68,1304E3
5d3abe62fab74f104386f1cd,HE125MO
5d3b1334fab74f10438758a9,HP568S
5d414079d695503d9d714183,2606GC
5d43c1d4d695503d9d72da9f,KT10000UE
5d442d13d695503d9d74554f,F5010
5d496606d695503d9d788429,BE961MO
5d496ab2d695503d9d788441,RE420MO
5d4a6d9ed695503d9d78c704,5722
5d4bc44c6858a302a262b75d,1001AV
5d4bd71d41cefd02f27c7177,7032E3
5d4e56c9de048c0b2675133d,2420D
5d5b827eef64ab7b7e8fcf8f,8784MK
5d5d118cef64ab7b7e90ac9a,RP6061
5d5e7e71cdd5451df6677b70,LD2420D
5d63d562cdd5451df66ad19b,P1110MG
5d6761b678b674545de2c8ec,HR3950U
5d67d1584e60cb5986900e55,RG568MO
5d6df6071433b366ce7ade34,H110MG
5d71f878678e4254976a7a29,HP150G
5d735597e5a48864bf44d3c6,HD631CF
5d7668dfb11bfd7e059a80a5,HD601CF
5d7ba03a0898925512f2153b,1057EC
5d81f76ec587ae0fb76ff5a9,SP1510
5d8464efc587ae0fb770b5c7,JD22010
5d84668ec587ae0fb770b5c8,F1
5d84b829c587ae0fb7728724,310E
5d84b95cc587ae0fb772875b,HP1151K
5d8850b53e56fc4eb83bd0e3,9450F
5d8c467fd1f9aa74f168c836,MOPLEN
5d8eea83b1aefa0f8ac70e70,LD1905F
5d91c9ab5b40832fd3cb5715,L5005
5d9214a15b40832fd3cbac09,WK821
5d9214bd5b40832fd3cbac0a,WK811
5d9215065b40832fd3cbac0b,WK801
5d9215415b40832fd3cbac0c,WK881
5d92154e5b40832fd3cbac0d,WK851
5d9215cf5b40832fd3cbac0e,H7761
5d9215ef5b40832fd3cbac11,G5801
5d9216075b40832fd3cbac12,G5841
5d9216665b40832fd3cbac19,G5761
5d9216a85b40832fd3cbac1a,QH5821
5d9217e85b40832fd3cbac29,YSY101
5d932d658b5d9451a333177f,ACP5331A
5d9336d98b5d9451a333978e,FT6230
5d9337078b5d9451a3339791,1221P
5d933e3f8b5d9451a3339823,MR7710
5d95b4a8164b971cf12b54b3,2645.11G
5d95b4d6164b971cf12b54b6,2645G
5d974e7bdc0abf2e84b0e23a,HMN6060
5d974ed9dc0abf2e84b0e249,1101SC
5d9ace2bf3b8ea470ed8d031,TR144-MARLEX
5d9d7167f3b8ea470edd6742,955I
5d9d71f1f3b8ea470edd6743,5815
5d9ee036fc53fe0b45e9df5c,1220P
5da01615fc53fe0b45ebd61c,LD750
5daaa1c993882b2772fa2e36,T50A009A
5daaf75ebdec3228194e862d,724EC
5dbbdac1d30d2a62a04bf943,8816
5dc12b8380505e1653c6c403,2518
5dc25a927574302df79c7d36,P1030RG
5dc3b3cf6e0ab233e5de73e3,PPH4060
5dc3c51f6e0ab233e5df9246,2102TX00
5dc3e04f6e0ab233e5e13da9,2822E1
5dc51abc35ad8f42720c3fcd,PPR7220
5dd24f09efcc906f1a488ca7,HP40G
5dd3b1d5f5e439080e21b41e,2427F
5dd663e60368cb1f9a878d65,P1100FS
5dd78a944e7a8e236076cca2,22501KJ
5de23745dd9e6944df906f63,HP550J
5de5f465fc002875b7487d0c,LDF2923
5de5f4c2fc002875b7487d0d,LDF2921
5de7b4bc7c449f365998af72,AP0076
5de7b4cb7c449f365998af73,AP0080
5de7b4e17c449f365998af74,AP0084
5de7b4ff7c449f365998af77,AP0089
5de7b75b7c449f365998f0d5,AP0076HF
5de7b76f7c449f365998f0d8,AP0084FRH
5dee573167c04f2bd0c778e6,50100-LOTRENE
5def4c9f67c04f2bd0d8a6e9,HP456J
5def7bec67c04f2bd0dddd9b,L4904
5df375375c2ffc0340ce2baa,010DB50
5df39663dad489090122baf2,HP30G
5e0d99941821a77450ac2840,D2001S
5e105bef1ff9533f6a0f46ca,TR571-MARLEX
5e1ecd9888fe721a188374b5,FB1350
5e20438c1d8d860c5c6a40b2,RP5007K
5e2676ef97580f78cfe3770a,TRB115
5e26cadce027490d98fbe9ab,LH735100
5e27f2e4e027490d98012428,HP520M
5e2e8c7591c5af32c241fc55,XZ89609
5e2e97f82e58b5340953e0e7,HT029
5e2fcb4ec38fba3831308f1d,HP462R
5e38298597009a0f977ccacd,FB1370
5e382a3597009a0f977ccad2,FB1520
5e3d3654ebdc87030828a6c2,P5100
5e413494ff27534f62777411,012DB60
5e439eea707ecd6e747e5041,F501
5e4543a16ce68d174bdebdc0,FB5600
5e4d0a7d304851493bd484c0,HP2100S
5e4d1826304851493bd4cd01,100BW
5e4f974f082247089e83d0d6,HJ311MO
5e4f9786082247089e83d0d9,5032E5
5e5ca04dafb87b33c557e0b5,H250FF
5e60e60064aef1042baef2b0,EC7000
5e65d2edb7f0ad65463aaea4,HTA001
5e687bc085a5581ba04b820d,1316
5e68c562d2e6693115fd7ccc,2421H
5e68c6afd2e6693115fd884b,HD4900
5e85a695ff3e740fddda1bdd,1211P
5e90060bad9bcf2edefe4713,5502BN-LOTRENE
5e9552424e6d7a30b2303a3f,FT5236
5e97fbebeb08190801b57bc1,PPHP525W
5e9d29c91045180997dedaa1,A1825
5ea19298ba41943238148f99,FT8230
5ea7d790136e71632d8ed384,SP2040
5ea91d96c7155b79c707590b,EC1924
5ea91e0ec7155b79c7077e4f,HD7000F
5eac04a623112658dace44b6,7960.13
5eb3b9537daf4039544117fd,1488
5eb6351191f62b5e5ad602b2,EP332L
5eb932dcb527cc377c70dbf3,S1023
5eb932f4b527cc377c70dc00,S1024
5ecf48e9bbaf1f3144acab95,H80EY
5ed1f49ec8d21476795d9ef1,136MN
5ed88c3547b0453920a33e34,MH1700
5ed88ce747b0453920a39515,401R
5edb49c4f13ac409a6c1f3bc,150AC
5edb4addf13ac409a6c1f3fb,LDC-770
5edf3356c01916136f695907,505I
5ee07c96ac115236136dd8cd,J1007FA20
5ee07cbcac115236136dd8e4,150BW
5ee08ac8ac1152361370dd3c,2421K
5ee1bceb6cd99e539da0b7d5,2685G
5ee75e19bb4f1646afdd29f6,IH120NA
5ee9af260a86f6041c5915ed,FH110NA
5eeb76a865786939c8793ebd,H5604
5eec6e573522ae4dc99d4c77,LA0710-LOTRENE
5ef061bc6190542e304678a5,PE071
5ef0705c6190542e304a4df0,HBG00356
5ef2eeb0d779505b76500f22,T9POWDER
5ef57e326be56a2c96ae8291,WH034NA
5ef589dc6be56a2c96b10764,Q1018H
5ef58b456be56a2c96b1a8b2,2018MA
5ef58b666be56a2c96b1a8b3,2018MB
5ef6d8436be56a2c96d44d67,3518CB
5ef9b6c46be56a2c961c12f7,MH13
5efd823d33f3df2592f06ac6,LB7500N
5efda7b233f3df2592f85e92,HF1820X
5efda7e233f3df2592f85e95,HF1810PX
5f0014e433f3df25929e8979,010L22S
5f00548f33f3df2592ada3b6,P5002
5f02c39b47c82f7a678577a7,HP150GK
5f058e90972fa162b1c2e4b6,I60A080A
5f07122a972fa162b1ed2cf0,T50A010A
5f0d643fda05173b37bb0194,HP4024WN
5f0fcf8796347c07fc663550,FJ00952
5f0fcfdc96347c07fc663551,118WJ
5f10087196347c07fc70ea9c,2045G
5f10391f96347c07fc7b0ffb,1126NK
5f118e9f96347c07fcad1c1a,118NJ
5f12c3ba34fb945f7a44ed7b,2035G
5f1531a0652b9e09db4ec179,LA0710-TOTAL
5f159ac7652b9e09db633b40,LFI2103
5f15a915652b9e09db656b22,F5101
5f1671d5652b9e09db706992,460
5f1bc11267cd620d807c4ec1,5431Z
5f1bc16967cd620d807c4ec3,HTA108
5f1d171d67cd620d80ab1a82,165BW1
5f1e8df667cd620d80c68b7b,EP545L
5f211afe96793541ab17bc51,BD265MO
5f211b6996793541ab18469a,EMDA-6147
5f2169238688ae014d35802a,1022FN24
5f25443ce7878c6349e7bc2e,HDF504
5f2a3d3ca7bd5b21d35ec846,FE8004-TOTAL
5f2a4d07a7bd5b21d360cf37,8784ML
5f2a6d92a7bd5b21d36743c0,0322
5f2a6f753d9c9443938a62c0,OG
5f2a7bc53d9c9443938f8e1b,1001BU
5f2ac145e3e1634d86ad18b1,HD915CF
5f2e803bbef270386be9241e,1350EG
5f2e804fbef270386be9241f,P1350EG
5f3101bf60a8313ede08e98e,19N430
5f36241064d1b97745c1f85d,28400
5f3e21c5205eaf310e9d3f4c,0823
5f50896325b4115686409441,GP01
5f508ac625b4115686412355,B280
5f508c8025b4115686412368,BILLION-0.8
5f55e390a3d43a43e8ae7337,F46003E
5f5f330edbdbe251d48fd8d4,1018MA
5f605cca69f4606e3ca30a1a,Q2018C
5f60649369f4606e3ca427a9,C070BA
5f6365833e97e343a1d0ee7f,2703MC
5f6365c23e97e343a1d0ee80,2005ME
5f65e83fd2fed20ec864ea4a,3518PA
5f685bc81f2a102f33860581,H200MG
5f68935a1c223a56dd557218,TG640S
5f6893691c223a56dd557219,TG640SB
5f6987bf2a1f3a620992f530,HC205TF
5f6af17ea5e73a0a75c37e8f,SP4808
5f6b3e863421b362fe81a62f,NPC7000F
5f6d829859871920623d7969,1102K-POLIMAXX
5f72fcb0caf4d43bdf044054,M6008-NONPRIME
5f7ab99e198fbf72cef84bd3,1012MK
5f7c04b7149201198b4e2ecb,EP332K
5f7d612fcf9ecb32ff102a6e,24FS030
5f817fcacf9f6d61872b3343,LD251
5f854741eb6e4b674d20fe2e,EC808
5f8d2bec6631c81039c63ff7,722
5f97d590c572a91df2558e42,Q1018N
5f9be51df5f67e04df50fd78,E36A060-NONPRIME
5f9c1bd7f5f67e04df5a8707,AP03B
5fa24aedf5f67e04dfbf318e,500P
5fa532df68a0ac23b20e0c90,H7914
5fbb739c85b83d228d26b2c4,J24FX012
5fbe2c599bb54508ed2e34d1,P4808N
5fc7249f5bf5e01327fd9aed,FM1818
5fc724c75bf5e01327fd9aee,DMDA-6200
5fc8ac779d78014e5a8ff9a4,WH034NA OG
5fc8add09d78014e5a914d12,BJ368MO
5fc8ae139d78014e5a914d15,BH975MO
5fcb190e889b147eca59f2ca,8656MK
5fcb1b63889b147eca59f2ce,5960G
5fcdfe578716dd6a0f5a5934,H033MG
5fd32ed6e8e1b726b40b998f,FB1200
5fd344964ce197287d20e880,2020EC
5fd454f85a116e31f7cec140,528K
5fd46646c8aa1c4c726cb7a7,71601S
5fd9e181ad803b245b36368b,2421D
5fdb0fd919f96135ceb4ba9a,HR005T
5fdb125719f96135ceb63c39,1115
5fdb1adc19f96135cebcf4bb,GP150
5fdca4594ac402739b75cbcd,J24FX030
5fdd8ba5b038c5148ff5cd4c,B5502
5fdd8e7db038c5148ff66ab6,SP1520
5fddb418974341191cb5ac57,7000F
5fe18d7d5ea5d60db8918d50,2005MC
5fe1a3eaa7c12f128076cdaf,P1045G
5fe6cc872cce3e4122deaa5d,H25FBF
5fe717c42cce3e4122025c8e,2705MC
5fec62e20e2e393b966ef7a3,8001
5ff55246a39b6879c028fd16,NPP
5ff6c14977287471d6eee8c8,50100P
5ff86b1b84205133bf14ea39,203EL
5ff86b3184205133bf14ea3a,202EF
5ff86b4384205133bf14ea3b,202EC
5ff86b9d84205133bf14ea3c,206
5ff86bd584205133bf14ea3d,201E
5ff86bee84205133bf14ea3e,201LV
5ff86bf584205133bf14ea3f,201LVLT
5ff86c0384205133bf14ea40,206HT
5ff86c6a84205133bf14ea42,MP08
5ffbfe57ff11223e53f9c0ad,1002AY
5ffc0301ff11223e53295d18,R601T
5ffd91e693a32a132502d9ab,FD0274
5ffd925593a32a132502d9af,5502
5ffda7c293a32a132509718d,BILLION-0.84
5ffefdae0acae45804273174,X33P001J
5ffffaa28a753078e6c86cf5,1200MG
6002b8f70b624956bb52b15a,VS430
60051bf4d8f88d1f2b5da150,50G0
60052386d8f88d1f2b5daeb5,5511H
600672b15d8cb948de6539b0,7123KNE1
60067dc95d8cb948de66e4f7,B284
6009952b2a6eb136e678a753,HM012CT
6010e6c71479bc6a110b6bb5,RJ766MO
601297f15f752a68b4e98ebd,HF010-NP
6013a8250243376d039428ef,544T
6013c0016ce62a2b6b6ad77a,1161
6014fa69bf44d239dff88500,3980FL
6025133594ac697175bf01bd,HP2106N
602a67c618ded92adcb699db,H1030
602f3f3dc7f9c93aa2e549ea,H060MG
602f410dc7f9c93aa2e858a3,F00952
6034e0bfa75040156eff6160,1002YB
6039dddc38e9fd32b308eec5,EX5
603c94984ed9d81694faaaa0,28025
603cad634ed9d81694036f72,R36U050U
6045ad0872dd912d72e82590,HP551R
6045b41872dd912d72e8e004,BL3-MARUN
6045c04a72dd912d72ebc1c9,2420D-AKPC
6045e3d672dd912d72f8d619,HD10500-FE
604855ed6daeb07ed217cbb7,2421F
604b135ba5db54662118d428,218WJ
604c412f3d6b1502a6e7e4f1,LE1711
604c6e8b3d6b1502a6f6bbac,7087
60504603481f095f5f3741e8,6202
60518972157ab56a2680fad1,HP1106K
6051a5ed92520f20bf6daca2,HP20023
6051cd1892520f20bf78f234,HB0035
605304f6fd330926f3ff0e5a,519A
605821b749ee69155982cacb,EP546U
6058377c3589073d84ebac40,C700HT
605837d03589073d84ebac48,TR131
60589f36fa3f9446268bcb55,HI830
6059a4df2ba97f5a961077e0,B55HM0003
605b4315f3b7057d88a08cc4,G1551
6062b5b8a316c940b7801aa9,MB6561
606ae133c46e2a0bfb782b59,FM1810
606bf6c18d889e2ffad6a6a2,1918SA
606d433c7d4eb9077694a08d,1100NK-POLIMAXX
606d730c7ae8291336b55eb8,L5E89
606d8dd4a9c662174f2ffea8,DFDA-7042
6073f5a31b8b443180a56b59,P601F
6073f5dd1b8b443180a6dc49,P700J
6076d0eca2367c0917669b65,6102
6076d18ca2367c091766eb0d,020M52
6078408d3537c240570118f0,WH040N
6079687db0e99575d6a38b8a,CRP100N
607a8a03b3fcd60eadc230ee,HD5208FLX
607aab36b3fcd60eadcb3f47,HP34GQ
607aac46b3fcd60eadcc2b7b,T30S-ARAMCO
607d9dba1838c653dad88b70,1100N
607e93e24970346613f37d53,HP2148T
608258a892f7062969932816,HNR100
6082628092f7062969972217,CRP100B
60891a4dff941648615a345d,71501POWDER
609126377f97df10f7a7601a,ST30
6094f7ee845ae915eb365c61,6431
609641ba845ae915eba8b9c3,BL3-BPC
609654f4ebc1c83851382970,CB606
6098efb41f85b7042259199c,ALS01
6098efc71f85b7042259199d,ALS02
6098efe51f85b7042259199e,PC0700
6098eff91f85b704225919a2,PC0703
6098f00c1f85b704225919a6,PC0703R
6098f0171f85b704225919a7,PC0800
6098f0241f85b704225919a8,PC1000
6098f03e1f85b704225919b0,PC1000R
6098f04b1f85b704225919b2,PC1003R
6098f0531f85b704225919b3,PC1004R
6098f0651f85b704225919b4,PC1500
6098f06d1f85b704225919b5,PC1800
6098f0751f85b704225919b6,PC1800R
6098f0831f85b704225919b7,PC1803R
6098f08a1f85b704225919b8,PC1804R
6098f09a1f85b704225919be,PC2200
6098f0a11f85b704225919c0,PC2200R
6098f0ac1f85b704225919c1,PC2203R
6098f0b81f85b70422591a08,PC4800
6098f0c71f85b70422591a0a,PC5800
6098f1fa1f85b70422591a4a,PC910
6098f2431f85b70422597429,40L03
609922ac1f85b70422796cda,AS20C
609a2b491f85b70422c003b2,1220UR
609a2bb51f85b70422c05ddc,2407
609bb63afabf465b4cc8695a,3000UR
609f58d968a79525745a83e8,WK901
609f70474ff47d3d11481975,4512
609f705f4ff47d3d11481977,PS100
60a23a08ff698a4c02209c7a,A1070
60a23a14ff698a4c02209c7d,A1220
60a2c04a2328841669a1f9b1,WH034NA
60a2c04a2328841669a1f9b2,F2001S
60a2c04a2328841669a1f9b3,SP1510HA
60a2c04a2328841669a1f9b4,JD22010
60a2c04a2328841669a1f9b5,JD22010
60a2c04a2328841669a1f9b6,HP150G
60a2c04a2328841669a1f9b7,HP150G
60a2c04a2328841669a1f9b8,H110MAS
60a2c04a2328841669a1f9b9,H110MAS
60a2c04a2328841669a1f9ba,HR3950U
60a2c04a2328841669a1f9bb,HR3950U
60a2c04a2328841669a1f9bc,HR3950
60a2c04a2328841669a1f9bd,HR3950
60a2c04a2328841669a1f9be,010E52
60a2c04a2328841669a1f9bf,010E52
60a2c04a2328841669a1f9c0,3155
60a2c04a2328841669a1f9c1,3155
60a2c04a2328841669a1f9c2,6331
60a2c04a2328841669a1f9c3,6331
60a2c04a2328841669a1f9c4,LFI2130
60a2c04a2328841669a1f9c5,LFI2130
60a2c04a2328841669a1f9c6,2207M
60a2c04a2328841669a1f9c7,2207M
60a2c04a2328841669a1f9c8,B56003
60a2c04a2328841669a1f9c9,T3804
60a2c04a2328841669a1f9ca,E2507
60a2c04a2328841669a1f9cb,LIM1922
60a2c04a2328841669a1f9cc,LF2119
60a2c04a2328841669a1f9cd,450E
60a2c04a2328841669a1f9ce,FD0270
60a2c04a2328841669a1f9cf,2102TN42
60a2c04a2328841669a1f9d0,5220G
60a2c04a2328841669a1f9d1,150E
60a2c04a2328841669a1f9d2,HP2100N
60a2c04a2328841669a1f9d3,D139
60a2c04a2328841669a1f9d4,HKR102
60a2c04a2328841669a1f9d5,HC402BF
60a2c04a2328841669a1f9d6,2047A
60a2c04a2328841669a1f9d7,C150Y
60a2c04a2328841669a1f9d8,5401G
60a2c04a2328841669a1f9d9,L705
60a2c04a2328841669a1f9da,1210P
60a2c04a2328841669a1f9db,2420F3
60a2c04a2328841669a1f9dc,55060
60a2c04a2328841669a1f9dd,B1258
60a2c04a2328841669a1f9de,LB7000
60a2c04a2328841669a1f9df,4025AS
60a2c04a2328841669a1f9e0,582E
60a2c04a2328841669a1f9e1,0725N
60a2c04a2328841669a1f9e2,025N
60a2c04a2328841669a1f9e3,17L430
60a2c04a2328841669a1f9e4,LE2270
60a2c04a2328841669a1f9e5,FB5026
60a2c04a2328841669a1f9e6,MG70
60a2c04a2328841669a1f9e7,HT031
60a2c04a2328841669a1f9e8,HGX030SP
60a2c04a2328841669a1f9e9,HP525J
60a2c04a2328841669a1f9ea,801YY
60a2c04a2328841669a1f9eb,RB707CF
60a2c04a2328841669a1f9ec,FT7236
60a2c04a2328841669a1f9ed,2427K
60a2c04a2328841669a1f9ee,HP456J
60a2c04a2328841669a1f9ef,HE3490LS
60a2c04a2328841669a1f9f0,8100M
60a2c04a2328841669a1f9f1,312E
60a2c04a2328841669a1f9f2,HDM508
60a2c04a2328841669a1f9f3,HDB502
60a2c04a2328841669a1f9f4,FT6230
60a2c04a2328841669a1f9f5,BD265MO
60a2c04a2328841669a1f9f6,FK1820
60a2c04a2328841669a1f9f7,HE1490
60a2c04a2328841669a1f9f8,2607GC
60a2c04a2328841669a1f9f9,P6006N
60a2c04a2328841669a1f9fa,F46003E
60a2c04a2328841669a1f9fb,1018H
60a2c04a2328841669a1f9fc,1018N
60a2c04a2328841669a1f9fd,HD6600B
60a2c04a2328841669a1f9fe,HD6200B
60a2c04a2328841669a1f9ff,BB2588
60a2c04a2328841669a1fa00,FK1828
60a2c04a2328841669a1fa01,FB3003
60a2c04a2328841669a1fa02,FB2230
60a2c04a2328841669a1fa03,SP380
60a2c04a2328841669a1fa04,1018MK
60a2c04a2328841669a1fa05,Q2018C
60a2c04a2328841669a1fa06,FE3000
60a2c04a2328841669a1fa07,FB1460
60a2c04a2328841669a1fa08,1510H
60a2c04a2328841669a1fa09,HP462S
60a2c04a2328841669a1fa0a,E1970
60a2c04a2328841669a1fa0b,D777C
60a2c04a2328841669a1fa0c,5831D
60a2c04a2328841669a1fa0d,PPCL
60a2c04a2328841669a1fa0e,KS10100UE
60a2c04a2328841669a1fa0f,218NJ
60a2c04a2328841669a1fa10,F00952
60a2c04a2328841669a1fa11,T05NR
60a2c04a2328841669a1fa12,Y35GR
60a2c04a2328841669a1fa13,Y25GR
60a2c04a2328841669a1fa14,F10SR
60a2c04a2328841669a1fa15,M12RR
60a2c04a2328841669a1fa16,F03RR
60a2c04a2328841669a1fa17,R03RR
60a2c04a2328841669a1fa18,3250MG
60a2c04a2328841669a1fa19,3650MN
60a2c04a2328841669a1fa1a,3550MN
60a2c04a2328841669a1fa1b,3400MN
60a2c04a2328841669a1fa1c,F5400
60a2c04a2328841669a1fa1d,D20A006U
60a2c04a2328841669a1fa1e,R36U050U
60a2c04a2328841669a1fa1f,R35U042
60a2c04a2328841669a1fa20,R35A042
60a2c04a2328841669a1fa21,3120MA
60a2c04a2328841669a1fa22,5080MG
60a2c04a2328841669a1fa23,4100MH
60a2c04a2328841669a1fa24,4080MA
60a2c04a2328841669a1fa25,3030MG
60a2c04a2328841669a1fa26,2120MC
60a2c04a2328841669a1fa27,1350YG
60a2c04a2328841669a1fa28,1200YG
60a2c04a2328841669a1fa29,1100FS
60a2c04a2328841669a1fa2a,1030FG
60a2c04a2328841669a1fa2b,1030RG
60a2c04a2328841669a1fa2c,1030TC
60a2c04a2328841669a1fa2d,1110MAS
60a2c04a2328841669a1fa2e,1110MG
60a2c04a2328841669a1fa2f,1060MG
60a2c04a2328841669a1fa30,1030MG
60a2c04a2328841669a1fa31,010DP45U
60a2c04a2328841669a1fa32,010DP45
60a2c04a2328841669a1fa33,004DP44
60a2c04a2328841669a1fa34,002DP48
60a2c04a2328841669a1fa35,001DB52
60a2c04a2328841669a1fa36,003DB52
60a2c04a2328841669a1fa37,012DB54
60a2c04a2328841669a1fa38,003DF49
60a2c04a2328841669a1fa39,002DF50
60a2c04a2328841669a1fa3a,180M50
60a2c04a2328841669a1fa3b,080M60U
60a2c04a2328841669a1fa3c,080M60
60a2c04a2328841669a1fa3d,065E24A
60a2c04a2328841669a1fa3e,500M24A
60a2c04a2328841669a1fa3f,042R35A
60a2c04a2328841669a1fa40,020F18A
60a2c04a2328841669a1fa41,010F18A
60a2c04a2328841669a1fa42,010F18S
60a2c04a2328841669a1fa43,B5502
60a2c04a2328841669a1fa44,MH13A
60a2c04a2328841669a1fa45,HY035R
60a2c04a2328841669a1fa46,HM012T
60a2c04a2328841669a1fa47,HF010
60a2c04a2328841669a1fa48,HR003
60a2c04a2328841669a1fa49,M212S
60a2c04a2328841669a1fa4a,B200
60a2c04a2328841669a1fa4b,B202S
60a2c04a2328841669a1fa4c,M365
60a2c04a2328841669a1fa4d,M340
60a2c04a2328841669a1fa4e,M325
60a2c04a2328841669a1fa4f,M315
60a2c04a2328841669a1fa50,M312
60a2c04a2328841669a1fa51,M311T
60a2c04a2328841669a1fa52,M310
60a2c04a2328841669a1fa53,M307
60a2c04a2328841669a1fa54,M304
60a2c04a2328841669a1fa55,M110
60a2c04a2328841669a1fa56,M108
60a2c04a2328841669a1fa57,M106
60a2c04a2328841669a1fa58,M103
60a2c04a2328841669a1fa59,F110
60a2c04a2328841669a1fa5a,T105N
60a2c04a2328841669a1fa5b,T103
60a2c04a2328841669a1fa5c,R103
60a2c04a2328841669a1fa5d,F135
60a2c04a2328841669a1fa5e,F103
60a2c04a2328841669a1fa5f,LLT12
60a2c04a2328841669a1fa60,73204TU
60a2c04a2328841669a1fa61,73204T
60a2c04a2328841669a1fa62,73005TU
60a2c04a2328841669a1fa63,73005T
60a2c04a2328841669a1fa64,72307E
60a2c04a2328841669a1fa65,71601D
60a2c04a2328841669a1fa66,92001W
60a2c04a2328841669a1fa67,92001S
60a2c04a2328841669a1fa68,71602W
60a2c04a2328841669a1fa69,71602S
60a2c04a2328841669a1fa6a,71601W
60a2c04a2328841669a1fa6b,71501S
60a2c04a2328841669a1fa6c,M5025L
60a2c04a2328841669a1fa6d,M5018L
60a2c04a2328841669a1fa6e,M6007LU
60a2c04a2328841669a1fa6f,M6007L
60a2c04a2328841669a1fa70,M5005L
60a2c04a2328841669a1fa71,M5002L
60a2c04a2328841669a1fa72,P4600L
60a2c04a2328841669a1fa73,B6001L
60a2c04a2328841669a1fa74,F5001
60a2c04a2328841669a1fa75,T9
60a2c04a2328841669a1fa76,HDT10S
60a2c04a2328841669a1fa77,HDT10
60a2c04a2328841669a1fa78,M5818
60a2c04a2328841669a1fa79,P5200UV
60a2c04a2328841669a1fa7a,P5200
60a2c04a2328841669a1fa7b,P5300
60a2c04a2328841669a1fa7c,E5201S
60a2c04a2328841669a1fa7d,E5201
60a2c04a2328841669a1fa7e,B6401
60a2c04a2328841669a1fa7f,B5500
60a2c04a2328841669a1fa80,Y5401
60a2c04a2328841669a1fa81,R5801
60a2c04a2328841669a1fa82,1003FA20
60a2c04a2328841669a1fa83,24FS040
60a2c04a2328841669a1fa84,24FA040
60a2c04a2328841669a1fa85,22FA002
60a2c04a2328841669a1fa86,J22FA002
60a2c04a2328841669a1fa87,16MA400
60a2c04a2328841669a1fa88,E36A060
60a2c04a2328841669a1fa89,E20AN009
60a2c04a2328841669a1fa8a,E45A003
60a2c04a2328841669a1fa8b,F55HM0003
60a2c04a2328841669a1fa8c,P54A001N
60a2c04a2328841669a1fa8d,P54A001
60a2c04a2328841669a1fa8e,E52U003N
60a2c04a2328841669a1fa8f,E52U003
60a2c04a2328841669a1fa90,P46A010U
60a2c04a2328841669a1fa91,E52A003N
60a2c04a2328841669a1fa92,E52A003A
60a2c04a2328841669a1fa93,B55HM0003N
60a2c04a2328841669a1fa94,B55HM0003
60a2c04a2328841669a1fa95,B63A003
60a2c04a2328841669a1fa96,B63A003N
60a2c04a2328841669a1fa97,B53EA0035
60a2c04a2328841669a1fa98,B53EA0035N
60a2c04a2328841669a1fa99,B53A003U
60a2c04a2328841669a1fa9a,P52A003
60a2c04a2328841669a1fa9b,I62U080U
60a2c04a2328841669a1fa9c,W55A004
60a2c04a2328841669a1fa9d,W55A004N
60a2c04a2328841669a1fa9e,W52ASR009
60a2c04a2328841669a1fa9f,W52ASR009N
60a2c04a2328841669a1faa0,W52A009N
60a2c04a2328841669a1faa1,W52A009
60a2c04a2328841669a1faa2,X24065
60a2c04a2328841669a1faa3,JX24065
60a2c04a2328841669a1faa4,R35042
60a2c04a2328841669a1faa5,O35042
60a2c04a2328841669a1faa6,O21010
60a2c04a2328841669a1faa7,O19010
60a2c04a2328841669a1faa8,M26500
60a2c04a2328841669a1faa9,JM24300
60a2c04a2328841669a1faaa,M24300
60a2c04a2328841669a1faab,M24200
60a2c04a2328841669a1faac,LL40RA040
60a2c04a2328841669a1faad,LL24FA030
60a2c04a2328841669a1faae,JLL24FA030
60a2c04a2328841669a1faaf,JE18030
60a2c04a2328841669a1fab0,20FS020
60a2c04a2328841669a1fab1,20FS010
60a2c04a2328841669a1fab2,20FA020
60a2c04a2328841669a1fab3,20FA010
60a2c04a2328841669a1fab4,20DS010
60a2c04a2328841669a1fab5,JD19010
60a2c04a2328841669a1fab6,JM26500
60a2c04a2328841669a1fab7,JM24200
60a2c04a2328841669a1fab8,JLL36RA045UV
60a2c04a2328841669a1fab9,JLL36RA045
60a2c04a2328841669a1faba,JF19020
60a2c04a2328841669a1fabb,JF19010
60a2c04a2328841669a1fabc,JF18020
60a2c04a2328841669a1fabd,JF18010
60a2c04a2328841669a1fabe,JE24065
60a2c04a2328841669a1fabf,HP19010
60a2c04a2328841669a1fac0,F18010
60a2c04a2328841669a1fac1,F19010
60a2c04a2328841669a1fac2,F22020
60a2c04a2328841669a1fac3,F18020
60a2c04a2328841669a1fac4,E24065
60a2c04a2328841669a1fac5,E19010
60a2c04a2328841669a1fac6,J1020FA20
60a2c04a2328841669a1fac7,J1005FY20
60a2c04a2328841669a1fac8,J24FS040
60a2c04a2328841669a1fac9,J24FA040
60a2c04a2328841669a1faca,J16MA400
60a2c04a2328841669a1facb,1070LA17
60a2c04a2328841669a1facc,1035FS20
60a2c04a2328841669a1facd,1020FA20
60a2c04a2328841669a1face,1005FY20
60a2c04a2328841669a1facf,EI02N
60a2c04a2328841669a1fad0,EI01N
60a2c04a2328841669a1fad1,MI100N
60a2c04a2328841669a1fad2,MI70N
60a2c04a2328841669a1fad3,MI44N
60a2c04a2328841669a1fad4,MI35V
60a2c04a2328841669a1fad5,MI20X
60a2c04a2328841669a1fad6,MI15
60a2c04a2328841669a1fad7,MI12NX
60a2c04a2328841669a1fad8,MI08N
60a2c04a2328841669a1fad9,MI03
60a2c04a2328841669a1fada,EH03N
60a2c04a2328841669a1fadb,RH38
60a2c04a2328841669a1fadc,RH25X
60a2c04a2328841669a1fadd,RH22U
60a2c04a2328841669a1fade,RH03
60a2c04a2328841669a1fadf,RH02Y
60a2c04a2328841669a1fae0,FH03
60a2c04a2328841669a1fae1,FH08S
60a2c04a2328841669a1fae2,FH10S
60a2c04a2328841669a1fae3,MH55N
60a2c04a2328841669a1fae4,MH25N
60a2c04a2328841669a1fae5,MH23
60a2c04a2328841669a1fae6,MH13
60a2c04a2328841669a1fae7,MH12N
60a2c04a2328841669a1fae8,MH05K
60a2c04a2328841669a1fae9,MH03
60a2c04a2328841669a1faea,F2003A
60a2c04a2328841669a1faeb,F2002S
60a2c04a2328841669a1faec,F2002A
60a2c04a2328841669a1faed,F2001S
60a2c04a2328841669a1faee,F2001A
60a2c04a2328841669a1faef,T3804U
60a2c04a2328841669a1faf0,T3804
60a2c04a2328841669a1faf1,E2507
60a2c04a2328841669a1faf2,M2550
60a2c04a2328841669a1faf3,M2525
60a2c04a2328841669a1faf4,S5801
60a2c04a2328841669a1faf5,P50H03
60a2c04a2328841669a1faf6,P51H10
60a2c04a2328841669a1faf7,P4402U
60a2c04a2328841669a1faf8,P4402
60a2c04a2328841669a1faf9,P4002
60a2c04a2328841669a1fafa,P5402
60a2c04a2328841669a1fafb,M5050
60a2c04a2328841669a1fafc,M5220
60a2c04a2328841669a1fafd,M5618
60a2c04a2328841669a1fafe,M6112
60a2c04a2328841669a1faff,M6008U
60a2c04a2328841669a1fb00,M6008
60a2c04a2328841669a1fb01,M5306L
60a2c04a2328841669a1fb02,M5306
60a2c04a2328841669a1fb03,M6405
60a2c04a2328841669a1fb04,M5203
60a2c04a2328841669a1fb05,Y5710
60a2c04a2328841669a1fb06,Y5808
60a2c04a2328841669a1fb07,Y5008
60a2c04a2328841669a1fb08,R5106
60a2c04a2328841669a1fb09,R5410
60a2c04a2328841669a1fb0a,R5504
60a2c04a2328841669a1fb0b,F50H08
60a2c04a2328841669a1fb0c,F52H04
60a2c04a2328841669a1fb0d,F5010
60a2c04a2328841669a1fb0e,B55H03
60a2c04a2328841669a1fb0f,B48H03
60a2c04a2328841669a1fb10,B52H06
60a2c04a2328841669a1fb11,B55H02
60a2c04a2328841669a1fb12,B5004
60a2c04a2328841669a1fb13,B6003
60a2c04a2328841669a1fb14,B6106
60a2c04a2328841669a1fb15,LIM1922
60a2c04a2328841669a1fb16,LF2119
60a2c04a2328841669a1fb17,450E
60a2c04a2328841669a1fb18,FD0270
60a2c04a2328841669a1fb19,2102TN42
60a2c04a2328841669a1fb1a,5220G
60a2c04a2328841669a1fb1b,150E
60a2c04a2328841669a1fb1c,HP2100N
60a2c04a2328841669a1fb1d,D139
60a2c04a2328841669a1fb1e,HKR102
60a2c04a2328841669a1fb1f,S42005
60a2c04a2328841669a1fb20,M60200
60a2c04a2328841669a1fb21,M60075
60a2c04a2328841669a1fb22,L60075
60a2c04a2328841669a1fb23,53MA020
60a2c04a2328841669a1fb24,HD53TA010
60a2c04a2328841669a1fb25,HD55EF010
60a2c04a2328841669a1fb26,53EA010
60a2c04a2328841669a1fb27,50MA180
60a2c04a2328841669a1fb28,F56003
60a2c04a2328841669a1fb29,B60003
60a2c04a2328841669a1fb2a,F46003
60a2c04a2328841669a1fb2b,E52009
60a2c04a2328841669a1fb2c,E41003
60a2c04a2328841669a1fb2d,D16501
60a2c04a2328841669a1fb2e,B56003
60a2c04a2328841669a1fb2f,54GB012
60a2c04a2328841669a1fb30,52GF004
60a2c04a2328841669a1fb31,52GB010
60a2c04a2328841669a1fb32,52GB003
60a2c04a2328841669a1fb33,52GB002
60a2c04a2328841669a1fb34,52GB001
60a2c04a2328841669a1fb35,50GF003
60a2c04a2328841669a1fb36,P15807
60a2c04a2328841669a1fb37,46GP009UV
60a2c04a2328841669a1fb38,46GP009
60a2c04a2328841669a1fb39,46GP003
60a2c04a2328841669a1fb3a,46GB012
60a2c04a2328841669a1fb3b,45GP004
60a2c04a2328841669a1fb3c,SRX100
60a2c04a2328841669a1fb3d,AM010N
60a2c04a2328841669a1fb3e,SR70N
60a2c04a2328841669a1fb3f,SRM250NC
60a2c04a2328841669a1fb40,T200MK
60a2c04a2328841669a1fb41,SRM100NC
60a2c04a2328841669a1fb42,R120MK
60a2c04a2328841669a1fb43,SR20NS
60a2c04a2328841669a1fb44,SR20NC
60a2c04a2328841669a1fb45,AER003N
60a2c04a2328841669a1fb46,B650MN
60a2c04a2328841669a1fb47,B550MN
60a2c04a2328841669a1fb48,AMI400N
60a2c04a2328841669a1fb49,B400MN
60a2c04a2328841669a1fb4a,C015EG
60a2c04a2328841669a1fb4b,C320MN
60a2c04a2328841669a1fb4c,B220MN
60a2c04a2328841669a1fb4d,C200MN
60a2c04a2328841669a1fb4e,D120MA
60a2c04a2328841669a1fb4f,C120MN
60a2c04a2328841669a1fb50,B120MA
60a2c04a2328841669a1fb51,C080MT
60a2c04a2328841669a1fb52,B300MN
60a2c04a2328841669a1fb53,C080MA
60a2c04a2328841669a1fb54,MI3535
60a2c04a2328841669a1fb55,MI3530
60a2c04a2328841669a1fb56,AMI035N
60a2c04a2328841669a1fb57,B030MG
60a2c04a2328841669a1fb58,B250EG
60a2c04a2328841669a1fb59,AM650N
60a2c04a2328841669a1fb5a,H200MK
60a2c04a2328841669a1fb5b,H200MA
60a2c04a2328841669a1fb5c,AM120N
60a2c04a2328841669a1fb5d,H110MA
60a2c04a2328841669a1fb5e,H050MN
60a2c04a2328841669a1fb5f,H020EG
60a2c04a2328841669a1fb60,H350FG
60a2c04a2328841669a1fb61,H230FG
60a2c04a2328841669a1fb62,H200FG
60a2c04a2328841669a1fb63,AS160N
60a2c04a2328841669a1fb64,H350EG
60a2c04a2328841669a1fb65,SS35N
60a2c04a2328841669a1fb66,AS030N
60a2c04a2328841669a1fb67,H030SG
60a2c04a2328841669a1fb68,H026SG
60a2c04a2328841669a1fb69,H100EY
60a2c04a2328841669a1fb6a,H080EY
60a2c04a2328841669a1fb6b,H034SG
60a2c04a2328841669a1fb6c,H029SG
60a2c04a2328841669a1fb6d,H110FG
60a2c04a2328841669a1fb6e,H110FU
60a2c04a2328841669a1fb6f,H045SG
60a2c04a2328841669a1fb70,H020SU
60a2c04a2328841669a1fb71,SS80N
60a2c04a2328841669a1fb72,AS12000N
60a2c04a2328841669a1fb73,AM350N
60a2c04a2328841669a1fb74,AS4000N
60a2c04a2328841669a1fb75,ER02C/N
60a2c04a2328841669a1fb76,ER00T/V
60a2c04a2328841669a1fb77,MR53C
60a2c04a2328841669a1fb78,MR35K
60a2c04a2328841669a1fb79,MR20K
60a2c04a2328841669a1fb7a,MR12C
60a2c04a2328841669a1fb7b,17L430
60a2c04a2328841669a1fb7c,LE2270
60a2c04a2328841669a1fb7d,FB5026
60a2c04a2328841669a1fb7e,MG70
60a2c04a2328841669a1fb7f,HT031
60a2c04a2328841669a1fb80,HGX030SP
60a2c04a2328841669a1fb81,HP525J
60a2c04a2328841669a1fb82,801YY
60a2c04a2328841669a1fb83,RB707CF
60a2c04a2328841669a1fb84,FT7236
60a2c04a2328841669a1fb85,2427K
60a2c04a2328841669a1fb86,HP456J
60a2c04a2328841669a1fb87,HE3490LS
60a2c04a2328841669a1fb88,8100M
60a2c04a2328841669a1fb89,312E
60a2c04a2328841669a1fb8a,HDM508
60a2c04a2328841669a1fb8b,HDB502
60a2c04a2328841669a1fb8c,FT6230
60a2c04a2328841669a1fb8d,BD265MO
60a2c04a2328841669a1fb8e,FK1820
60a2c04a2328841669a1fb8f,HE1490
60a2c04a2328841669a1fb90,2607GC
60a2c04a2328841669a1fb91,P6006N
60a2c04a2328841669a1fb92,F46003E
60a2c04a2328841669a1fb93,1018H
60a2c04a2328841669a1fb94,1018N
60a2c04a2328841669a1fb95,HD6600B
60a2c04a2328841669a1fb96,HD6200B
60a2c04a2328841669a1fb97,BB2588
60a2c04a2328841669a1fb98,FK1828
60a2c04a2328841669a1fb99,FB3003
60a2c04a2328841669a1fb9a,FB2230
60a2c04a2328841669a1fb9b,SP380
60a2c04a2328841669a1fb9c,1018MK
60a2c04a2328841669a1fb9d,Q2018C
60a2c04a2328841669a1fb9e,FE3000
60a2c04a2328841669a1fb9f,FB1460
60a2c04a2328841669a1fba0,1510H
60a2c04a2328841669a1fba1,HP462S
60a2c04a2328841669a1fba2,E1970
60a2c04a2328841669a1fba3,D777C
60a2c04a2328841669a1fba4,5831D
60a2c04a2328841669a1fba5,PPCL
60a2c04a2328841669a1fba6,KS10100UE
60a2c04a2328841669a1fba7,218NJ
60a2c04a2328841669a1fba8,F00952
60a2c04a2328841669a1fba9,T05NR
60a2c04a2328841669a1fbaa,Y35GR
60a2c04a2328841669a1fbab,Y25GR
60a2c04a2328841669a1fbac,F10SR
60a2c04a2328841669a1fbad,M12RR
60a2c04a2328841669a1fbae,F03RR
60a2c04a2328841669a1fbaf,R03RR
60a2c04a2328841669a1fbb0,3250MG
60a2c04a2328841669a1fbb1,3650MN
60a2c04a2328841669a1fbb2,3550MN
60a2c04a2328841669a1fbb3,3400MN
60a2c04a2328841669a1fbb4,3120MA
60a2c04a2328841669a1fbb5,5080MG
60a2c04a2328841669a1fbb6,4100MH
60a2c04a2328841669a1fbb7,4080MA
60a2c04a2328841669a1fbb8,3030MG
60a2c04a2328841669a1fbb9,2120MC
60a2c04a2328841669a1fbba,1350YG
60a2c04a2328841669a1fbbb,1200YG
60a2c04a2328841669a1fbbc,1100FS
60a2c04a2328841669a1fbbd,1030FG
60a2c04a2328841669a1fbbe,1030RG
60a2c04a2328841669a1fbbf,1030TC
60a2c04a2328841669a1fbc0,HC402BF
60a2c04a2328841669a1fbc1,2047A
60a2c04a2328841669a1fbc2,C150Y
60a2c04a2328841669a1fbc3,5401G
60a2c04a2328841669a1fbc4,L705
60a2c04a2328841669a1fbc5,1210P
60a2c04a2328841669a1fbc6,2420F3
60a2c04a2328841669a1fbc7,55060
60a2c04a2328841669a1fbc8,B1258
60a2c04a2328841669a1fbc9,LB7000
60a2c04a2328841669a1fbca,4025AS
60a2c04a2328841669a1fbcb,582E
60a2c04a2328841669a1fbcc,0725N
60a2c04a2328841669a1fbcd,025N
60a2c04a2328841669a1fbce,042R35A
60a2c04a2328841669a1fbcf,020F18A
60a2c04a2328841669a1fbd0,010F18A
60a2c04a2328841669a1fbd1,010F18S
60a2c04a2328841669a1fbd2,B5502
60a2c04a2328841669a1fbd3,MH13A
60a2c04a2328841669a1fbd4,HY035R
60a2c04a2328841669a1fbd5,HM012T
60a2c04a2328841669a1fbd6,HF010
60a2c04a2328841669a1fbd7,HR003
60a2c04a2328841669a1fbd8,M212S
60a2c04a2328841669a1fbd9,B200
60a2c04a2328841669a1fbda,B202S
60a2c04a2328841669a1fbdb,M365
60a2c04a2328841669a1fbdc,M340
60a2c04a2328841669a1fbdd,M325
60a2c04a2328841669a1fbde,M315
60a2c04a2328841669a1fbdf,M312
60a2c04a2328841669a1fbe0,M311T
60a2c04a2328841669a1fbe1,M310
60a2c04a2328841669a1fbe2,M307
60a2c04a2328841669a1fbe3,M304
60a2c04a2328841669a1fbe4,M110
60a2c04a2328841669a1fbe5,M108
60a2c04a2328841669a1fbe6,M106
60a2c04a2328841669a1fbe7,M103
60a2c04a2328841669a1fbe8,F110
60a2c04a2328841669a1fbe9,T105N
60a2c04a2328841669a1fbea,T103
60a2c04a2328841669a1fbeb,R103
60a2c04a2328841669a1fbec,F135
60a2c04a2328841669a1fbed,F103
60a2c04a2328841669a1fbee,LLT12
60a2c04a2328841669a1fbef,73204TU
60a2c04a2328841669a1fbf0,73204T
60a2c04a2328841669a1fbf1,73005TU
60a2c04a2328841669a1fbf2,73005T
60a2c04a2328841669a1fbf3,72307E
60a2c04a2328841669a1fbf4,71601D
60a2c04a2328841669a1fbf5,92001W
60a2c04a2328841669a1fbf6,92001S
60a2c04a2328841669a1fbf7,71602W
60a2c04a2328841669a1fbf8,71602S
60a2c04a2328841669a1fbf9,71601W
60a2c04a2328841669a1fbfa,71501S
60a2c04a2328841669a1fbfb,M5025L
60a2c04a2328841669a1fbfc,M5018L
60a2c04a2328841669a1fbfd,M6007LU
60a2c04a2328841669a1fbfe,M6007L
60a2c04a2328841669a1fbff,M5005L
60a2c04a2328841669a1fc00,M5002L
60a2c04a2328841669a1fc01,P4600L
60a2c04a2328841669a1fc02,B6001L
60a2c04a2328841669a1fc03,F5001
60a2c04a2328841669a1fc04,T9
60a2c04a2328841669a1fc05,HDT10S
60a2c04a2328841669a1fc06,HDT10
60a2c04a2328841669a1fc07,M5818
60a2c04a2328841669a1fc08,P5200UV
60a2c04a2328841669a1fc09,P5200
60a2c04a2328841669a1fc0a,P5300
60a2c04a2328841669a1fc0b,E5201S
60a2c04a2328841669a1fc0c,E5201
60a2c04a2328841669a1fc0d,B6401
60a2c04a2328841669a1fc0e,B5500
60a2c04a2328841669a1fc0f,Y5401
60a2c04a2328841669a1fc10,R5801
60a2c04a2328841669a1fc11,F5400
60a2c04a2328841669a1fc12,D20A006U
60a2c04a2328841669a1fc13,R36U050U
60a2c04a2328841669a1fc14,R35U042
60a2c04a2328841669a1fc15,R35A042
60a2c04a2328841669a1fc16,E36A060
60a2c04a2328841669a1fc17,E20AN009
60a2c04a2328841669a1fc18,E45A003
60a2c04a2328841669a1fc19,F55HM0003
60a2c04a2328841669a1fc1a,P54A001N
60a2c04a2328841669a1fc1b,P54A001
60a2c04a2328841669a1fc1c,E52U003N
60a2c04a2328841669a1fc1d,E52U003
60a2c04a2328841669a1fc1e,P46A010U
60a2c04a2328841669a1fc1f,E52A003N
60a2c04a2328841669a1fc20,E52A003A
60a2c04a2328841669a1fc21,B55HM0003N
60a2c04a2328841669a1fc22,B55HM0003
60a2c04a2328841669a1fc23,B63A003
60a2c04a2328841669a1fc24,B63A003N
60a2c04a2328841669a1fc25,1110MAS
60a2c04a2328841669a1fc26,1110MG
60a2c04a2328841669a1fc27,1060MG
60a2c04a2328841669a1fc28,1030MG
60a2c04a2328841669a1fc29,010DP45U
60a2c04a2328841669a1fc2a,010DP45
60a2c04a2328841669a1fc2b,004DP44
60a2c04a2328841669a1fc2c,002DP48
60a2c04a2328841669a1fc2d,001DB52
60a2c04a2328841669a1fc2e,003DB52
60a2c04a2328841669a1fc2f,012DB54
60a2c04a2328841669a1fc30,003DF49
60a2c04a2328841669a1fc31,002DF50
60a2c04a2328841669a1fc32,180M50
60a2c04a2328841669a1fc33,080M60U
60a2c04a2328841669a1fc34,080M60
60a2c04a2328841669a1fc35,065E24A
60a2c04a2328841669a1fc36,500M24A
60a2c04a2328841669a1fc37,B53EA0035
60a2c04a2328841669a1fc38,B53EA0035N
60a2c04a2328841669a1fc39,B53A003U
60a2c04a2328841669a1fc3a,P52A003
60a2c04a2328841669a1fc3b,I62U080U
60a2c04a2328841669a1fc3c,W55A004
60a2c04a2328841669a1fc3d,W55A004N
60a2c04a2328841669a1fc3e,W52ASR009
60a2c04a2328841669a1fc3f,W52ASR009N
60a2c04a2328841669a1fc40,W52A009N
60a2c04a2328841669a1fc41,W52A009
60a2c04a2328841669a1fc42,X24065
60a2c04a2328841669a1fc43,JX24065
60a2c04a2328841669a1fc44,R35042
60a2c04a2328841669a1fc45,O35042
60a2c04a2328841669a1fc46,O21010
60a2c04a2328841669a1fc47,O19010
60a2c04a2328841669a1fc48,M26500
60a2c04a2328841669a1fc49,JM24300
60a2c04a2328841669a1fc4a,M24300
60a2c04a2328841669a1fc4b,M24200
60a2c04a2328841669a1fc4c,LL40RA040
60a2c04a2328841669a1fc4d,LL24FA030
60a2c04a2328841669a1fc4e,JLL24FA030
60a2c04a2328841669a1fc4f,JE18030
60a2c04a2328841669a1fc50,20FS020
60a2c04a2328841669a1fc51,20FS010
60a2c04a2328841669a1fc52,20FA020
60a2c04a2328841669a1fc53,20FA010
60a2c04a2328841669a1fc54,20DS010
60a2c04a2328841669a1fc55,JD19010
60a2c04a2328841669a1fc56,JM26500
60a2c04a2328841669a1fc57,JM24200
60a2c04a2328841669a1fc58,JLL36RA045UV
60a2c04a2328841669a1fc59,JLL36RA045
60a2c04a2328841669a1fc5a,JF19020
60a2c04a2328841669a1fc5b,JF19010
60a2c04a2328841669a1fc5c,JF18020
60a2c04a2328841669a1fc5d,JF18010
60a2c04a2328841669a1fc5e,JE24065
60a2c04a2328841669a1fc5f,HP19010
60a2c04a2328841669a1fc60,F18010
60a2c04a2328841669a1fc61,F19010
60a2c04a2328841669a1fc62,F22020
60a2c04a2328841669a1fc63,F18020
60a2c04a2328841669a1fc64,E24065
60a2c04a2328841669a1fc65,E19010
60a2c04a2328841669a1fc66,J1020FA20
60a2c04a2328841669a1fc67,J1005FY20
60a2c04a2328841669a1fc68,J24FS040
60a2c04a2328841669a1fc69,J24FA040
60a2c04a2328841669a1fc6a,J16MA400
60a2c04a2328841669a1fc6b,1070LA17
60a2c04a2328841669a1fc6c,1035FS20
60a2c04a2328841669a1fc6d,1020FA20
60a2c04a2328841669a1fc6e,1005FY20
60a2c04a2328841669a1fc6f,1003FA20
60a2c04a2328841669a1fc70,24FS040
60a2c04a2328841669a1fc71,24FA040
60a2c04a2328841669a1fc72,22FA002
60a2c04a2328841669a1fc73,J22FA002
60a2c04a2328841669a1fc74,16MA400
60a2c04a2328841669a1fc75,S42005
60a2c04a2328841669a1fc76,M60200
60a2c04a2328841669a1fc77,M60075
60a2c04a2328841669a1fc78,L60075
60a2c04a2328841669a1fc79,53MA020
60a2c04a2328841669a1fc7a,HD53TA010
60a2c04a2328841669a1fc7b,HD55EF010
60a2c04a2328841669a1fc7c,53EA010
60a2c04a2328841669a1fc7d,50MA180
60a2c04a2328841669a1fc7e,F56003
60a2c04a2328841669a1fc7f,B60003
60a2c04a2328841669a1fc80,F46003
60a2c04a2328841669a1fc81,E52009
60a2c04a2328841669a1fc82,E41003
60a2c04a2328841669a1fc83,D16501
60a2c04a2328841669a1fc84,54GB012
60a2c04a2328841669a1fc85,52GF004
60a2c04a2328841669a1fc86,52GB010
60a2c04a2328841669a1fc87,52GB003
60a2c04a2328841669a1fc88,52GB002
60a2c04a2328841669a1fc89,52GB001
60a2c04a2328841669a1fc8a,50GF003
60a2c04a2328841669a1fc8b,P15807
60a2c04a2328841669a1fc8c,46GP009UV
60a2c04a2328841669a1fc8d,46GP009
60a2c04a2328841669a1fc8e,46GP003
60a2c04a2328841669a1fc8f,46GB012
60a2c04a2328841669a1fc90,45GP004
60a2c04a2328841669a1fc91,SRX100
60a2c04a2328841669a1fc92,AM010N
60a2c04a2328841669a1fc93,SR70N
60a2c04a2328841669a1fc94,SRM250NC
60a2c04a2328841669a1fc95,T200MK
60a2c04a2328841669a1fc96,SRM100NC
60a2c04a2328841669a1fc97,R120MK
60a2c04a2328841669a1fc98,SR20NS
60a2c04a2328841669a1fc99,SR20NC
60a2c04a2328841669a1fc9a,AER003N
60a2c04a2328841669a1fc9b,B650MN
60a2c04a2328841669a1fc9c,B550MN
60a2c04a2328841669a1fc9d,AMI400N
60a2c04a2328841669a1fc9e,B400MN
60a2c04a2328841669a1fc9f,C015EG
60a2c04a2328841669a1fca0,C320MN
60a2c04a2328841669a1fca1,B220MN
60a2c04a2328841669a1fca2,C200MN
60a2c04a2328841669a1fca3,D120MA
60a2c04a2328841669a1fca4,C120MN
60a2c04a2328841669a1fca5,B120MA
60a2c04a2328841669a1fca6,C080MT
60a2c04a2328841669a1fca7,B300MN
60a2c04a2328841669a1fca8,C080MA
60a2c04a2328841669a1fca9,MI3535
60a2c04a2328841669a1fcaa,MI3530
60a2c04a2328841669a1fcab,AMI035N
60a2c04a2328841669a1fcac,B030MG
60a2c04a2328841669a1fcad,B250EG
60a2c04a2328841669a1fcae,AM650N
60a2c04a2328841669a1fcaf,H200MK
60a2c04a2328841669a1fcb0,H200MA
60a2c04a2328841669a1fcb1,AM120N
60a2c04a2328841669a1fcb2,H110MA
60a2c04a2328841669a1fcb3,H050MN
60a2c04a2328841669a1fcb5,H350FG
60a2c04a2328841669a1fcb6,H230FG
60a2c04a2328841669a1fcb7,H200FG
60a2c04a2328841669a1fcb8,AS160N
60a2c04a2328841669a1fcb9,H350EG
60a2c04a2328841669a1fcb4,H020EG
60a2c04a2328841669a1fcba,SS35N
60a2c04a2328841669a1fcbb,AS030N
60a2c04a2328841669a1fcbc,H030SG
60a2c04a2328841669a1fcbd,H026SG
60a2c04a2328841669a1fcbe,H100EY
60a2c04a2328841669a1fcbf,H080EY
60a2c04a2328841669a1fcc0,H034SG
60a2c04a2328841669a1fcc1,H029SG
60a2c04a2328841669a1fcc2,H110FG
60a2c04a2328841669a1fcc3,H110FU
60a2c04a2328841669a1fcc4,H045SG
60a2c04a2328841669a1fcc5,H020SU
60a2c04a2328841669a1fcc6,SS80N
60a2c04a2328841669a1fcc7,AS12000N
60a2c04a2328841669a1fcc8,AM350N
60a2c04a2328841669a1fcc9,AS4000N
60a2c04a2328841669a1fcca,ER02C/N
60a2c04a2328841669a1fccb,ER00T/V
60a2c04a2328841669a1fccc,MR53C
60a2c04a2328841669a1fccd,MR35K
60a2c04a2328841669a1fcce,MR20K
60a2c04a2328841669a1fccf,MR12C
60a2c04a2328841669a1fcd0,EI02N
60a2c04a2328841669a1fcd1,EI01N
60a2c04a2328841669a1fcd2,MI100N
60a2c04a2328841669a1fcd3,MI70N
60a2c04a2328841669a1fcd4,MI44N
60a2c04a2328841669a1fcd5,MI35V
60a2c04a2328841669a1fcd6,MI20X
60a2c04a2328841669a1fcd7,MI15
60a2c04a2328841669a1fcd8,MI12NX
60a2c04a2328841669a1fcd9,MI08N
60a2c04a2328841669a1fcda,MI03
60a2c04a2328841669a1fcdb,EH03N
60a2c04a2328841669a1fcdc,RH38
60a2c04a2328841669a1fcdd,RH25X
60a2c04a2328841669a1fcde,RH22U
60a2c04a2328841669a1fcdf,RH03
60a2c04a2328841669a1fce0,RH02Y
60a2c04a2328841669a1fce1,FH03
60a2c04a2328841669a1fce2,FH08S
60a2c04a2328841669a1fce3,FH10S
60a2c04a2328841669a1fce4,MH55N
60a2c04a2328841669a1fce5,MH25N
60a2c04a2328841669a1fce6,MH23
60a2c04a2328841669a1fce7,MH13
60a2c04a2328841669a1fce8,MH12N
60a2c04a2328841669a1fce9,MH05K
60a2c04a2328841669a1fcea,MH03
60a2c04a2328841669a1fceb,F2003A
60a2c04a2328841669a1fcec,F2002S
60a2c04a2328841669a1fced,F2002A
60a2c04a2328841669a1fcee,F2001S
60a2c04a2328841669a1fcef,F2001A
60a2c04a2328841669a1fcf0,T3804U
60a2c04a2328841669a1fcf1,M2550
60a2c04a2328841669a1fcf2,M2525
60a2c04a2328841669a1fcf3,S5801
60a2c04a2328841669a1fcf4,P50H03
60a2c04a2328841669a1fcf5,P51H10
60a2c04a2328841669a1fcf6,P4402U
60a2c04a2328841669a1fcf7,P4402
60a2c04a2328841669a1fcf8,P4002
60a2c04a2328841669a1fcf9,P5402
60a2c04a2328841669a1fcfa,M5050
60a2c04a2328841669a1fcfb,M5220
60a2c04a2328841669a1fcfc,M5618
60a2c04a2328841669a1fcfd,M6112
60a2c04a2328841669a1fcfe,M6008U
60a2c04a2328841669a1fcff,M6008
60a2c04a2328841669a1fd00,M5306L
60a2c04a2328841669a1fd01,M5306
60a2c04a2328841669a1fd02,M6405
60a2c04a2328841669a1fd03,M5203
60a2c04a2328841669a1fd04,Y5710
60a2c04a2328841669a1fd05,Y5808
60a2c04a2328841669a1fd06,Y5008
60a2c04a2328841669a1fd07,R5106
60a2c04a2328841669a1fd08,R5410
60a2c04a2328841669a1fd09,R5504
60a2c04a2328841669a1fd0a,F50H08
60a2c04a2328841669a1fd0b,F52H04
60a2c04a2328841669a1fd0c,F5010
60a2c04a2328841669a1fd0d,B55H03
60a2c04a2328841669a1fd0e,B48H03
60a2c04a2328841669a1fd0f,B52H06
60a2c04a2328841669a1fd10,B55H02
60a2c04a2328841669a1fd11,B5004
60a2c04a2328841669a1fd12,B6003
60a2c04a2328841669a1fd13,B6106
60a4b9b4826b606d3dc0011d,EGDA-6888
60a7970571412643b9f15457,HM5000
60a8c790f32a1f771ef77417,SD0150
60a8e00dcff3e97a25d90e79,MG47F
60a8e02ecff3e97a25d90e7c,707
60a8e03bcff3e97a25d90e7f,757
60a8e05acff3e97a25d90e83,920
60a8e06ecff3e97a25d90e96,HI121H
60ab3f9a1861530748d090c7,5000W
60ac9df3f2c96755c5c17335,DL100
60ac9e056374e855d2a55651,DL200H
60ac9e17dbcba355d9997346,MG29
60ac9e22dc840a55f1a0e84f,MG38F
60ac9e2f3ae20755cbd9db33,X11
60ac9e42dbcba355d9997349,MG38N
60ac9e5cc4adcd55e045ba2f,MG47
60ac9e6a3ae20755cbd9db36,MG94
60ac9e76c4adcd55e045ba37,MG94U
60ac9ea1dbcba355d999734c,750SW
60ac9ec23ae20755cbd9db3c,RS670
60ac9edcdc840a55f1a0e855,PA757
60ac9eefb3bb2c55e73afd24,AG150A0
60ac9f073ae20755cbd9db3f,HI121U
60ac9f746374e855d2a5b6a4,AE10EP
60ac9fa8f2c96755c5c1733b,SV-0155
60ac9fc4f2c96755c5c1733f,PT-0180
60ac9fe481a6cd55ee032435,D-150
60ac9ffcdc840a55f1a0e858,XG-571
60ade3c26deaf377aff845f9,DMDA-8007
60adec5b0f49c67791e31039,SA-1220M
60adf13e659b62778a730d26,DMDH-6400
60ae2f79343e1825336869fb,T03
60ae3006d32546253a0cc8c5,DMDZ-6147
60af483e3ad865304744934a,4009MC
60b1dcffbc32d67d40647871,125
60b1ef6e0f7d4d16145abce2,330
60b203548a294a163e19b083,1303-15
60b203928a294a163e19b087,TR557
60b203c50f7d4d16145d59e2,929-555
60b86caeb0693a08ec5c2afa,1102K-SHENHUA
60b880aa6ac7cb08fb2d3321,PC1100
60b8a3297728051e2e928f4e,0015XC
60b9d1d95578865b9387888c,LIBOLON-0.8
60bc5a8c097eb41b184b8bea,5000
60bc5ab81ad4971b0a970a9b,5000S
60bdbe26710d6b1af5d21b92,T30S-FUJIAN
60c2f388e8e3a26c10275b4f,PC0703R/800KG
60c8743258a53e3659388faf,2420H
60c87469ef90cf3660be19bd,HP500N
60c8a2bab86d763b610db704,020F18S
60c9ed4ca53904059b1e744b,2010ME
60c9ed5ac55d0705b64159d5,2010MA
60cadf486a289f05af23b7d9,0209AA
60caf9b75c5c1e1d3729e9b7,FF030F2
60cc6d0992275d53884322ef,8038
60cc7ccb92275d538847b4ba,MIF-45
60cd924ee4ec4c536b99ff65,LF2220X
60cda511defa9d74c6d7e321,HMG47MD
60d44120039dee6774f56f54,RP7204G
60d44171f9b7ee677ad02d93,URPMF/OG
60d441b0ecac6d678f904d95,UEPHF/OG
60d565313d3ddc6b4995aed7,M17
60d5a543b0a43e1710d28de7,Y381H
60d5a579b373341739458348,1200MAS
60d5aba01ca6c71732f58700,TX-0510
60dab620f0959358b7dc69e5,LD728
60dff1893052020b48180132,DGDZ-6097
60e53d95a40c4c1fe5f9a7d5,IMS1000
60e686d9e30ef14b2b66a79f,BF970MO
60e6d13238acb46b8d60267b,I26B500-NON_PRIME
60e7fe8148adcb14e2c812d4,G080A
60e7fe939322c814f1f61083,G076A
60e7feac2797cc14fe5ca0ef,G084A
60e81a5e2797cc14fe5ca954,DHB0014
60ec3c975974f216a5723313,147F
60ec3cfdb88bbe16965331b8,145D
60ed2a809a5876273344ad0b,FC21HN
60ed305f091f1d27167da4e0,EP2380M
60ee71691684af6787664536,VA800
60eed7db004438785fa95e3a,700
60eed8774993d378772e050c,2856